ALLANNN11CA,Almeida11C
ALVAROOO21CA,Moreira21C
ANDREEE51CA,Peron51C
ANDRESSAAA71CA,Taila71C
ANNAAA81CA,Liguori81C
BRYANNN101CA,Arruda101C
ELIASINHO131CA,Elieli131C
ESTERRR151CA,Cardoso151C
GABRIELLL171CA,Machado171C
GABRIELLL181CA,Castilho181C
GABRIELLYYY191CA,Liris191C
ISAACCC211CA,Ramos211C
JOAOOO231CA,Felype231C
JOSIANEEE241CA,Samara241C
KAUANNYYY261CA,Ferla261C
 KEVYNNN271CA,Catarin271C
LUIZAAA291CA,Ambrosino291C
MARIAAA321CA,Freitas321C
 MARIAAA341CA,Sousa341C
MATHEUSSS351CA,Avila351C
 MELISSAAA371CA,Melissa371C
MONICQK381CA,Monicqk381C
SAMARAAA411CA,Samara411C
SAMARAHHH421CA,Emyliany421C
SAMUELLL431CA,Souza431C
MORAISSS441CA,Thalisson441C
THIAGOOO451CA,Brito451C
 VALDEIRRR461CA,Monteiro461C
YAGOOO481CA,Pereira481C
YUMIII501CA,Saito501C
ANAJULIAAA511CA,Miranda511C
GUSTAVOOO521CA,Melo521C
 DENZELLL531CA,Denzel531C
GUILHERMEEE541CA,Constantino541C
YASMINNN551CA,Paiva551C
WELITONNN561CA,Filho561C
 JOAOPEDROOO571CA,Souza571C
KAYQUEEEE581CA,Cesar581C
MATHEUSSS611CA,Matheus611C
LUCASTV621CA,Gomi621C
